hArpanet Template System Changelog
==================================
Key: + = something added
     - = something removed
     ~ = something changed
     : = a comment or further info
==================================

---------------------
v2.1.1 - 05-July-2014
---------------------
: Update to fix various internal path references
: Now Licensed under GPL v3+
: Now fully documented up to v2.1.1 at http://harpanet.com/programming/php/codeigniter/hats

hats_helper.php
+ Allow CSS, JS and Image paths to now contain external URLs (start path with http://)

hats_tests.php
~ Updated to test new paths



--------------------
v2.1.0 - 29-May-2014
--------------------
: Removed the need for the $hAtsData array declaration
: Added basic method testing controller hats_tests.php and associated files

hats_helper.php
- Removed need for $hAtsData global array. Now uses CI Config vars to store hAts settings.
~ tplSet() - variable name must now be set specifically - no longer defaults to 'clipboard'
~ tplAdd() - variable name must now be set specifically - no longer defaults to 'clipboard'
~ tplGet() - variable name must now be set specifically - no longer defaults to 'clipboard'
~ tplGetOr() - variable name must now be set specifically - no longer defaults to 'clipboard'

STRUCTURAL CHANGES:

Controllers folder:
+ Added new controller for method testing (hats_tests.php). Call http://website.url/hats_tests

hAts Root Folder:
+ \hAts\parts\hAts_default\test - folder added to contain method test files
+ \hAts\parts\hAts_default\test\subpart.phtml - sub-part file for method tests
+ \hAts\parts\hAts_default\test\testpart.phtml - parts file for method tests
+ \hAts\theme\hAts_default\js\test_javascript.js - theme javascript for method tests



--------------------
v2.0.0 - 28-Feb-2014
--------------------
: Major structural change plus many core function changes plus parameter order changes
: makes this update worthy of the v2 significant change designation.

hats_helper.php
: IN_PARTS_SUBDIR is assumed TRUE unless tplSet to FALSE by user
+ _makePath() private method to help build paths
+ error checking for missing part files
+ 'STOP_ON_ERROR' reserved variable added
+ _tplSetDefaults() added as private function (called from tplPartsPath)
- tplSetTemplate() removed
- hAts_DEBUG definition removed - debugging is off by default unless set by user
- removed IN_PARTS_SUBDIR parameter from all functions - each function now checks using tplGet
~ Changed default theme & parts folder locations
~ Changed calls from _addSlash() to _makePath() throughout
~ fixed some path bugs
~ Some code standardisation and prettying
~ Changed all " to ' throughout where relevant
~ _tplFindFile() update to stop looking when root path found
~ tplStylesheet()       removed $in_parts_subdir parameter
~ tplJavascriptParsed() removed $in_parts_subdir parameter
~ tplImage()            removed $in_parts_subdir parameter
~ tplGetThemeFile()     removed $in_parts_subdir parameter
~ tplStylesheets()      removed in_parts processing
~ tplAddStylesheet()    removed $in_parts_subdir parameter
~ tplJavascript()       removed $in_parts_subdir parameter
~ tplJavascripts()      removed in_parts processing
~ tplADdJavascript()    removed $in_parts_subdir parameter


STRUCTURAL CHANGES:

Controllers folder:
+ /application/controllers folder added
+ added new controller (hats_example.php) as an example, showing example page content

Core folder:
- /application/core removed (as well as hAts_MY_Controller.php within it)

hAts root folder:
+ /hAts - new root folder to contain all hATS themes and part files
~ /theme/parts moved   -> /hAts/parts
~ /theme/parts/default -> /hAts/parts/hAts_default
~ /theme moved         -> /hAts/theme
~ /theme/default       -> /hAts/theme/hAts_default

Views:
: /application/views/
~ layout_default.php  -> hats_default.php
~ layout_frameset.php -> hats_frameset.php

Parts file changes:
+ hAts/parts/hAts_default/test/testpart.phtml added as an example (used in new hats_controller)
+ hAts/parts/hAts_default/test/subpart.phtml added (called from testpart.phtml)
: plus various html updates to all default parts
: plus file relocation/renames of all default parts...
~ parts/default/head.php         -> parts/hAts_default/head.phtml
~ parts/default/body_open.php    -> parts/hAts_default/body_open.phtml
~ parts/default/body_content.php -> parts/hAts_default/body_content.phtml
~ parts/default/body_footer.php  -> parts/hAts_default/body_footer.phtml
~ parts/default/body_close.php   -> parts/hAts_default/body_close.phtml

CHANGELOG.txt
+ (this) new file added into root



---------------------
v1.7.1 - 29-Oct-2013
---------------------
+ _tplFindFile() private method added to help locate template files
: various functions updated to use _tplFindFile()


---------------------
v1.7.0 - 09-Oct-2013
---------------------
hats_helper.php
+ _addSlash() private method added to help process file paths
+ _addFileExt() private method added to append file extensions
~ template parts extension changed from .php to .phtml (handled in _addFileExt)
~ tplStylesheet() changed parameter order + defaults
~ tplStylesheets() now also processes css outside theme
~ tplJavascript() changed parameter order + defaults; now allows js outside theme (eg. /assets/js)
~ tplJavascriptParsed() changed parameter order + defaults
~ tplJavascripts() now also processes js outside theme
~ tplAddJavascript() added parts & theme parameters to allow js from outside current theme
~ tplImage() changed parameter order + defaults
~ tplAddPart() added new $data parameter to allow vars to be 'auto' set within the call (using tplSet)
~ tplGetParts() now runs tplSet() against any $data
~ tplGetThemeFile() now defaults to parts in_parts_subdir
+ ['themePath'] restricted template variable added
+ ['partsPath'] restricted template variable added
~ tplSetTemplate() now uses 'themePath' and 'partsPath' vars instead of hardcoded '/theme/' and '/parts/'
- tplGetPath() removed
+ tplPartsPath() added (renamed from tplGetPath and parameters changed)
~ tplPartsPath() now uses 'themePath' and 'partsPath' vars instead of hardcoded '/theme/' and '/parts/'

-- changelog end --
